{
    "k": 0.4657585457548994,
    "beta": 0.5875698738359589,
    "a": 604.4107352803447,
    "b": 61731.21502005005,
    "join_times": 54273.0
}